French,English
histoire,history
chercher,search
seulement,only
police,police
pensais,thought
aide,help
demande,request
genre,kind
mois,month
frère,brother
laisser,let
car,because
aucun,no
laisse,leash
ville,city
chaque,each
devrait,should
longtemps,long time
heures,hours
vont,will
pendant,while
revoir,meet again
place,square
parle,speak
étaient,were
attention,Warning
voici,here is
pourrais,could
affaire,case
donner,give
type,type
donné,given
train,train
corps,body
endroit,place
façon,way
écoute,listen
dont,whose
trouve,find
premier,first
perdu,lost
main,hand
première,first
côté,side
pouvoir,power
vieux,old
sois,be
tiens,here
tellement,so much
enfant,child
venu,came
suite,after
pardon,sorry
venez,come
devant,in front of
vers,towards
chambre,bedroom
mis,placed
belle,beautiful
droit,law
aujourd'hui,today
mari,husband
cause,cause
eau,water
attendez,Wait
boulot,job
terre,Earth
compte,account
loin,far
fin,end
croire,believe
chérie,sweetheart
gros,large
plutôt,rather
aura,will have
filles,girls
bureau,office
